domain,ENZYMES,PTC_MR,Cora_NC,CiteSeer_NC,Cora_LP,CiteSeer_LP
ENZYMES,1.0,0.1476350832943607,0.2668442822163063,0.29634633556097106,0.20187780459048124,0.14906172856897737
PTC_MR,0.1476350832943607,1.0,0.17989438193247437,0.16279272892468824,0.22593029480046228,0.18258139417913286
Cora_NC,0.2668442822163063,0.17989438193247437,1.0,0.23534222885998407,0.23853502677257202,0.17207714538398344
CiteSeer_NC,0.29634633556097106,0.16279272892468824,0.23534222885998407,1.0,0.18325591801861557,0.13254459067290109
Cora_LP,0.20187780459048124,0.22593029480046228,0.23853502677257202,0.18325591801861557,1.0,0.2654574977410631
CiteSeer_LP,0.14906172856897737,0.18258139417913286,0.17207714538398344,0.13254459067290109,0.2654574977410631,1.0
