{
  "b2_LIN_PTC_MR": 1.7241379310344969,
  "b3_LIN_PTC_MR": -10.344827586206891,
  "b4_LIN_PTC_MR": 0.0,
  "s1_LIN_PTC_MR": 17.241379310344847,
  "s2_LIN_PTC_MR": -3.4482758620689538,
  "s3_LIN_PTC_MR": -6.896551724137928,
  "s4_LIN_PTC_MR": -10.34482758620688,
  "s5_LIN_PTC_MR": -25.862068965517242,
  "b2_LIN_ENZYMES": -5.617977528089901,
  "b3_LIN_ENZYMES": -26.966292134831455,
  "b4_LIN_ENZYMES": -13.483146067415738,
  "s1_LIN_ENZYMES": -23.595505617977533,
  "s2_LIN_ENZYMES": -7.865168539325848,
  "s3_LIN_ENZYMES": -10.112359550561806,
  "s4_LIN_ENZYMES": -10.112359550561806,
  "s5_LIN_ENZYMES": -5.617977528089901,
  "b2_LIN_Cora_NC": -9.122322045611618,
  "b3_LIN_Cora_NC": -7.671043538355213,
  "b4_LIN_Cora_NC": -12.024879060124407,
  "s1_LIN_Cora_NC": 4.630269523151355,
  "s2_LIN_Cora_NC": -6.5653075328265516,
  "s3_LIN_Cora_NC": -3.9391845196959143,
  "s4_LIN_Cora_NC": -5.874222529371122,
  "s5_LIN_Cora_NC": -6.772633033863168,
  "b2_LIN_CiteSeer_NC": -1.1191047162270016,
  "b3_LIN_CiteSeer_NC": -15.507593924860108,
  "b4_LIN_CiteSeer_NC": -6.954436450839335,
  "s1_LIN_CiteSeer_NC": -13.349320543565144,
  "s2_LIN_CiteSeer_NC": -14.0687450039968,
  "s3_LIN_CiteSeer_NC": -7.753796962430054,
  "s4_LIN_CiteSeer_NC": -8.63309352517985,
  "s5_LIN_CiteSeer_NC": -4.636290967226228,
  "b2_LIN_Cora_LP": 4.292199752373057,
  "b3_LIN_Cora_LP": 3.0953363598844352,
  "b4_LIN_Cora_LP": -0.8460586050351024,
  "s1_LIN_Cora_LP": -6.101251891594441,
  "s2_LIN_Cora_LP": 1.8847159169073795,
  "s3_LIN_Cora_LP": 4.261246388774251,
  "s4_LIN_Cora_LP": -1.1555922410235409,
  "s5_LIN_Cora_LP": -2.6723070573669268,
  "b2_LIN_CiteSeer_LP": 8.364426462875572,
  "b3_LIN_CiteSeer_LP": 17.049524237656406,
  "b4_LIN_CiteSeer_LP": -2.568367423391073,
  "s1_LIN_CiteSeer_LP": 10.16408181613847,
  "s2_LIN_CiteSeer_LP": 15.759346669663621,
  "s3_LIN_CiteSeer_LP": 6.567768037761303,
  "s4_LIN_CiteSeer_LP": 2.0648834944181997,
  "s5_LIN_CiteSeer_LP": 1.1523188731549667
}