{
  "b2_FT_PTC_MR": 11.320754716981114,
  "b3_FT_PTC_MR": 7.54716981132075,
  "b4_FT_PTC_MR": 0.0,
  "s1_FT_PTC_MR": 35.84905660377361,
  "s2_FT_PTC_MR": 3.773584905660364,
  "s3_FT_PTC_MR": 9.433962264150932,
  "s4_FT_PTC_MR": -3.773584905660375,
  "s5_FT_PTC_MR": 7.54716981132075,
  "b2_FT_ENZYMES": -4.999999999999999,
  "b3_FT_ENZYMES": -4.999999999999999,
  "b4_FT_ENZYMES": -0.8333333333333304,
  "s1_FT_ENZYMES": -14.16666666666665,
  "s2_FT_ENZYMES": -5.8333333333333295,
  "s3_FT_ENZYMES": -5.8333333333333295,
  "s4_FT_ENZYMES": -6.66666666666666,
  "s5_FT_ENZYMES": -2.500000000000008,
  "b2_FT_Cora_NC": -6.277190801740222,
  "b3_FT_Cora_NC": -0.5593536357986537,
  "b4_FT_Cora_NC": -4.0397762585456904,
  "s1_FT_Cora_NC": -2.921068986948424,
  "s2_FT_Cora_NC": -4.350528278433827,
  "s3_FT_Cora_NC": -1.3051584835301646,
  "s4_FT_Cora_NC": -5.407085146053474,
  "s5_FT_Cora_NC": -6.277190801740222,
  "b2_FT_CiteSeer_NC": -0.1470588235294078,
  "b3_FT_CiteSeer_NC": -9.632352941176475,
  "b4_FT_CiteSeer_NC": -5.882352941176471,
  "s1_FT_CiteSeer_NC": -15.22058823529412,
  "s2_FT_CiteSeer_NC": -10.735294117647063,
  "s3_FT_CiteSeer_NC": -6.691176470588232,
  "s4_FT_CiteSeer_NC": -15.808823529411772,
  "s5_FT_CiteSeer_NC": -11.911764705882364,
  "b2_FT_Cora_LP": -4.055320386467156,
  "b3_FT_Cora_LP": -3.30242026690794,
  "b4_FT_Cora_LP": -0.17449187320256587,
  "s1_FT_Cora_LP": -11.768507448217926,
  "s2_FT_Cora_LP": -4.675735935631836,
  "s3_FT_Cora_LP": -4.57233334410444,
  "s4_FT_Cora_LP": -3.7968139076485623,
  "s5_FT_Cora_LP": -8.000775519436438,
  "b2_FT_CiteSeer_LP": 0.9498238480281742,
  "b3_FT_CiteSeer_LP": -3.0574395108096337,
  "b4_FT_CiteSeer_LP": -1.7040957273446529,
  "s1_FT_CiteSeer_LP": -12.814861949622095,
  "s2_FT_CiteSeer_LP": 2.354383623298613,
  "s3_FT_CiteSeer_LP": -4.15935933450249,
  "s4_FT_CiteSeer_LP": -1.2183198050688049,
  "s5_FT_CiteSeer_LP": -4.614095261744784
}